antecedents,consequents,antecedent support,consequent support,support,confidence,lift,representativity,leverage,conviction,zhangs_metric,jaccard,certainty,kulczynski
"frozenset({'jaundice', 'family_history'})",frozenset({'Hepatitis C'}),0.023170731707317073,0.024390243902439025,0.023170731707317073,1.0,41.0,1.0,0.022605591909577633,inf,0.9987515605493134,0.95,1.0,0.975
"frozenset({'loss_of_appetite', 'family_history'})",frozenset({'Hepatitis C'}),0.02195121951219512,0.024390243902439025,0.02195121951219512,1.0,41.0,1.0,0.021415823914336704,inf,0.9975062344139651,0.8999999999999999,1.0,0.95
"frozenset({'family_history', 'nausea'})",frozenset({'Hepatitis C'}),0.02195121951219512,0.024390243902439025,0.02195121951219512,1.0,41.0,1.0,0.021415823914336704,inf,0.9975062344139651,0.8999999999999999,1.0,0.95
