antecedents,consequents,antecedent support,consequent support,support,confidence,lift,representativity,leverage,conviction,zhangs_metric,jaccard,certainty,kulczynski
"frozenset({'chest_pain', 'palpitations'})",frozenset({'Pneumonia'}),0.024390243902439025,0.024390243902439025,0.024390243902439025,1.0,41.0,1.0,0.023795359904818562,inf,1.0,1.0,1.0,1.0
"frozenset({'phlegm', 'palpitations'})",frozenset({'Pneumonia'}),0.024390243902439025,0.024390243902439025,0.024390243902439025,1.0,41.0,1.0,0.023795359904818562,inf,1.0,1.0,1.0,1.0
"frozenset({'breathlessness', 'palpitations'})",frozenset({'Pneumonia'}),0.023170731707317073,0.024390243902439025,0.023170731707317073,1.0,41.0,1.0,0.022605591909577633,inf,0.9987515605493134,0.95,1.0,0.975
"frozenset({'chills', 'palpitations'})",frozenset({'Pneumonia'}),0.023170731707317073,0.024390243902439025,0.023170731707317073,1.0,41.0,1.0,0.022605591909577633,inf,0.9987515605493134,0.95,1.0,0.975
"frozenset({'cough', 'palpitations'})",frozenset({'Pneumonia'}),0.023170731707317073,0.024390243902439025,0.023170731707317073,1.0,41.0,1.0,0.022605591909577633,inf,0.9987515605493134,0.95,1.0,0.975
"frozenset({'fever', 'palpitations'})",frozenset({'Pneumonia'}),0.023170731707317073,0.024390243902439025,0.023170731707317073,1.0,41.0,1.0,0.022605591909577633,inf,0.9987515605493134,0.95,1.0,0.975
