antecedents,consequents,antecedent support,consequent support,support,confidence,lift,representativity,leverage,conviction,zhangs_metric,jaccard,certainty,kulczynski
"frozenset({'abdominal_pain', 'weight_loss'})",frozenset({'Jaundice'}),0.02195121951219512,0.024390243902439025,0.02195121951219512,1.0,41.0,1.0,0.021415823914336704,inf,0.9975062344139651,0.8999999999999999,1.0,0.95
"frozenset({'weight_loss', 'itching'})",frozenset({'Jaundice'}),0.02195121951219512,0.024390243902439025,0.02195121951219512,1.0,41.0,1.0,0.021415823914336704,inf,0.9975062344139651,0.8999999999999999,1.0,0.95
