antecedents,consequents,antecedent support,consequent support,support,confidence,lift,representativity,leverage,conviction,zhangs_metric,jaccard,certainty,kulczynski
frozenset({'dehydration'}),frozenset({'Gastroenteritis'}),0.024390243902439025,0.024390243902439025,0.024390243902439025,1.0,41.0,1.0,0.023795359904818562,inf,1.0,1.0,1.0,1.0
"frozenset({'dehydration', 'diarrhoea'})",frozenset({'Gastroenteritis'}),0.023170731707317073,0.024390243902439025,0.023170731707317073,1.0,41.0,1.0,0.022605591909577633,inf,0.9987515605493134,0.95,1.0,0.975
"frozenset({'dehydration', 'vomiting'})",frozenset({'Gastroenteritis'}),0.02195121951219512,0.024390243902439025,0.02195121951219512,1.0,41.0,1.0,0.021415823914336704,inf,0.9975062344139651,0.8999999999999999,1.0,0.95
frozenset({'dehydration'}),"frozenset({'Gastroenteritis', 'diarrhoea'})",0.024390243902439025,0.023170731707317073,0.023170731707317073,0.95,41.0,1.0,0.022605591909577633,19.53658536585364,1.0,0.95,0.9488139825218477,0.975
frozenset({'dehydration'}),"frozenset({'vomiting', 'Gastroenteritis'})",0.024390243902439025,0.02195121951219512,0.02195121951219512,0.8999999999999999,41.0,1.0,0.021415823914336704,9.78048780487804,1.0,0.8999999999999999,0.8977556109725685,0.95
