antecedents,consequents,antecedent support,consequent support,support,confidence,lift,representativity,leverage,conviction,zhangs_metric,jaccard,certainty,kulczynski
"frozenset({'family_history', 'breathlessness'})",frozenset({'Bronchial Asthma'}),0.02195121951219512,0.024390243902439025,0.02195121951219512,1.0,41.0,1.0,0.021415823914336704,inf,0.9975062344139651,0.8999999999999999,1.0,0.95
"frozenset({'fever', 'family_history'})",frozenset({'Bronchial Asthma'}),0.02195121951219512,0.024390243902439025,0.02195121951219512,1.0,41.0,1.0,0.021415823914336704,inf,0.9975062344139651,0.8999999999999999,1.0,0.95
"frozenset({'family_history', 'phlegm'})",frozenset({'Bronchial Asthma'}),0.02195121951219512,0.024390243902439025,0.02195121951219512,1.0,41.0,1.0,0.021415823914336704,inf,0.9975062344139651,0.8999999999999999,1.0,0.95
"frozenset({'family_history', 'cough'})",frozenset({'Bronchial Asthma'}),0.020731707317073172,0.024390243902439025,0.020731707317073172,1.0,41.0,1.0,0.02022605591909578,inf,0.9962640099626402,0.8500000000000001,1.0,0.925
