antecedents,consequents,antecedent support,consequent support,support,confidence,lift,representativity,leverage,conviction,zhangs_metric,jaccard,certainty,kulczynski
frozenset({'yellow_crust_ooze'}),frozenset({'Impetigo'}),0.023170731707317073,0.024390243902439025,0.023170731707317073,1.0,41.0,1.0,0.022605591909577633,inf,0.9987515605493134,0.95,1.0,0.975
"frozenset({'yellow_crust_ooze', 'skin_rash'})",frozenset({'Impetigo'}),0.023170731707317073,0.024390243902439025,0.023170731707317073,1.0,41.0,1.0,0.022605591909577633,inf,0.9987515605493134,0.95,1.0,0.975
frozenset({'yellow_crust_ooze'}),"frozenset({'Impetigo', 'skin_rash'})",0.023170731707317073,0.024390243902439025,0.023170731707317073,1.0,41.0,1.0,0.022605591909577633,inf,0.9987515605493134,0.95,1.0,0.975
"frozenset({'yellow_crust_ooze', 'acne'})",frozenset({'Impetigo'}),0.02195121951219512,0.024390243902439025,0.02195121951219512,1.0,41.0,1.0,0.021415823914336704,inf,0.9975062344139651,0.8999999999999999,1.0,0.95
"frozenset({'fever', 'acne'})",frozenset({'Impetigo'}),0.01951219512195122,0.024390243902439025,0.01951219512195122,1.0,41.0,1.0,0.01903628792385485,inf,0.9950248756218907,0.8,1.0,0.8999999999999999
"frozenset({'fever', 'yellow_crust_ooze'})",frozenset({'Impetigo'}),0.01951219512195122,0.024390243902439025,0.01951219512195122,1.0,41.0,1.0,0.01903628792385485,inf,0.9950248756218907,0.8,1.0,0.8999999999999999
frozenset({'yellow_crust_ooze'}),"frozenset({'Impetigo', 'acne'})",0.023170731707317073,0.023170731707317073,0.02195121951219512,0.9473684210526315,40.88642659279778,1.0,0.021414336704342653,18.559756097560957,0.998682202802053,0.8999999999999999,0.9461199816019449,0.9473684210526315
frozenset({'yellow_crust_ooze'}),"frozenset({'fever', 'Impetigo'})",0.023170731707317073,0.020731707317073172,0.01951219512195122,0.8421052631578947,40.61919504643962,1.0,0.019031826293872695,6.202032520325202,0.9985174781523096,0.8,0.8387625352297305,0.891640866873065
