antecedents,consequents,antecedent support,consequent support,support,confidence,lift,representativity,leverage,conviction,zhangs_metric,jaccard,certainty,kulczynski
"frozenset({'skin_peeling', 'nail_abnormalities'})",frozenset({'Psoriasis'}),0.024390243902439025,0.024390243902439025,0.024390243902439025,1.0,41.0,1.0,0.023795359904818562,inf,1.0,1.0,1.0,1.0
"frozenset({'nail_abnormalities', 'joint_pain'})",frozenset({'Psoriasis'}),0.023170731707317073,0.024390243902439025,0.023170731707317073,1.0,41.0,1.0,0.022605591909577633,inf,0.9987515605493134,0.95,1.0,0.975
"frozenset({'skin_peeling', 'joint_pain'})",frozenset({'Psoriasis'}),0.023170731707317073,0.024390243902439025,0.023170731707317073,1.0,41.0,1.0,0.022605591909577633,inf,0.9987515605493134,0.95,1.0,0.975
"frozenset({'nail_abnormalities', 'skin_rash'})",frozenset({'Psoriasis'}),0.023170731707317073,0.024390243902439025,0.023170731707317073,1.0,41.0,1.0,0.022605591909577633,inf,0.9987515605493134,0.95,1.0,0.975
