antecedents,consequents,antecedent support,consequent support,support,confidence,lift,representativity,leverage,conviction,zhangs_metric,jaccard,certainty,kulczynski
"frozenset({'bloating', 'itching'})",frozenset({'Peptic ulcer diseae'}),0.02195121951219512,0.024390243902439025,0.02195121951219512,1.0,41.0,1.0,0.021415823914336704,inf,0.9975062344139651,0.8999999999999999,1.0,0.95
"frozenset({'bloating', 'indigestion'})",frozenset({'Peptic ulcer diseae'}),0.020731707317073172,0.024390243902439025,0.020731707317073172,1.0,41.0,1.0,0.02022605591909578,inf,0.9962640099626402,0.8500000000000001,1.0,0.925
"frozenset({'loss_of_appetite', 'bloating'})",frozenset({'Peptic ulcer diseae'}),0.020731707317073172,0.024390243902439025,0.020731707317073172,1.0,41.0,1.0,0.02022605591909578,inf,0.9962640099626402,0.8500000000000001,1.0,0.925
"frozenset({'indigestion', 'itching'})",frozenset({'Peptic ulcer diseae'}),0.020731707317073172,0.024390243902439025,0.020731707317073172,1.0,41.0,1.0,0.02022605591909578,inf,0.9962640099626402,0.8500000000000001,1.0,0.925
"frozenset({'loss_of_appetite', 'indigestion'})",frozenset({'Peptic ulcer diseae'}),0.01951219512195122,0.024390243902439025,0.01951219512195122,1.0,41.0,1.0,0.01903628792385485,inf,0.9950248756218907,0.8,1.0,0.8999999999999999
